INSERT INTO book (ISBN, title, page_number, summary, lang, key_words)
VALUES
    ('9781788399081', 'Learning PHP 7', 320, 'Learn PHP 7 with this practical and easy-to-follow guide.', 'English', 'PHP, web development'),
    ('9781593275990', 'Eloquent JavaScript', 472, 'A modern introduction to programming with JavaScript.', 'English', 'JavaScript, web development'),
    ('9781492040408', 'Python for Data Analysis', 544, 'A practical guide to processing, analyzing, and visualizing data using Python.', 'English', 'Python, data analysis'),
    ('9780132350884', 'Head First Design Patterns', 676, 'A brain-friendly guide to understanding design patterns in software development.', 'English', 'Software development, programming'),
    ('9780262033858', 'Introduction to Algorithms', 1312, 'A comprehensive introduction to algorithms and their analysis.', 'English', 'Algorithms, computer science'),
    ('9780132350874', 'Refactoring', 448, 'Improving the design of existing code.', 'English', 'Software development, programming'),
    ('9780321933883', 'Effective Java', 416, 'A guide to writing high-quality, robust Java code.', 'English', 'Java, programming'),
    ('9781449343033', 'Learning Python', 384, 'Powerful Object-Oriented Programming', 'English', 'Python, programming'),
    ('9780262033898', 'The C Programming Language', 272, 'A classic introduction to C programming.', 'English', 'C programming, computer science'),
    ('9780321205681', 'Agile Software Development', 624, 'The Cooperative Game', 'English', 'Agile software development, project management'),
    ('9781789349868', 'Deep Learning with TensorFlow 2 and Keras', 596, 'Beginner\'s Guide to Artificial Intelligence and Machine Learning', 'English', 'Deep learning, artificial intelligence'),
    ('9781491989388', 'Hands-On Machine Learning with Scikit-Learn and TensorFlow', 596, 'Concepts, Tools, and Techniques to Build Intelligent Systems', 'English', 'Machine learning, artificial intelligence'),
    ('9781839213470', 'Java 17 Quick Start Guide', 266, 'Get up to speed with Java programming in a quick and effective way', 'English', 'Java, programming'),
    ('9781838559333', 'Hands-On Microservices with Spring Boot and Spring Cloud', 374, 'Discover the world of microservices with Spring Boot and Spring Cloud', 'English', 'Microservices, Spring Boot, Spring Cloud'),
    ('9781492078722', 'Hands-On Rust', 444, 'Effective learning through practical projects, recipes, and examples', 'English', 'Rust programming, programming'),
    ('9781617294136', 'Deep Learning with PyTorch', 520, 'A practical approach to building neural network models with PyTorch.', 'English', 'Deep learning, artificial intelligence'),
    ('9780134706054', 'Java Concurrency in Practice', 432, 'A guide to developing safe and scalable concurrent applications in Java.', 'English', 'Java, concurrency'),
	('9781617295492', 'Grokking Deep Learning', 536, 'A beginner-friendly introduction to deep learning with TensorFlow and Keras.', 'English', 'Deep learning, artificial intelligence'),
    ('9781491978917', 'Kubernetes: Up and Running', 202, 'A guide to deploying, scaling, and managing containerized applications with Kubernetes.', 'English', 'Kubernetes, containerization'),
    ('9781838987641', 'Mastering TypeScript 4', 638, 'A comprehensive guide to TypeScript, including advanced concepts like decorators and generics.', 'English', 'TypeScript, programming'),
	('9780141182801', 'To Kill a Mockingbird', 281, 'A classic novel set in the American South during the 1930s.', 'English', 'racism, justice'),
	('9780679745587', 'One Hundred Years of Solitude', 417, 'A landmark novel in the magical realism genre.', 'Spanish', 'family, history'),
	('9780385472579', 'The Alchemist', 163, 'A spiritual tale about a shepherd boy on a journey to find treasure.', 'Portuguese', 'adventure, self-discovery'),
	('9780061120084', 'The Name of the Wind', 662, 'The story of a legendary wizard, told in his own words.', 'English', 'fantasy, adventure'),
	('9780765311788', 'Old Man\'s War', 368, 'A science fiction novel about elderly people joining a military force to defend Earth.', 'English', 'space, aliens'),
	('9780143038412', 'The God of Small Things', 333, 'A novel about a family in India and the tragic events that befall them.', 'English', 'family, tragedy'),
	('9780451524935', 'Pride and Prejudice', 352, 'A classic romance novel by Jane Austen', 'English', 'romance, classic, Jane Austen'),
    ('9780671027360', 'Angels and Demons', 736, 'A thriller about a conspiracy to destroy the Vatican.', 'English', 'suspense, mystery'),
	('9780553588484', 'A Game of Thrones', 694, 'The first book in the popular A Song of Ice and Fire series, a fantasy epic about warring kingdoms.', 'English', 'fantasy, politics'),
	('9780545162074', 'Harry Potter and the Deathly Hallows', 784, 'The final book in the Harry Potter series, in which Harry confronts Voldemort.', 'English', 'magic, adventure'),
	('9780441013593', 'Altered Carbon', 526, 'A science fiction novel about a future in which human consciousness can be stored and transferred between bodies.', 'English', 'cyberpunk, noir'),
	('9780575085153', 'The Graveyard Book', 312, 'A children\'s fantasy novel about a boy who grows up in a graveyard.', 'English', 'fantasy, coming-of-age'),
	('9780553801477', 'The Road', 287, 'A post-apocalyptic novel about a father and son journeying through a desolate landscape.', 'English', 'dystopia, survival'),
	('9780060929879', 'The Color Purple', 288, 'A Pulitzer Prize-winning novel about a young Black woman\'s struggle for self-acceptance and empowerment.', 'English', 'race, gender'),
	('9780452284240', 'The Kite Runner', 371, 'A novel about the friendship between two boys in Afghanistan, and the betrayal that tears them apart.', 'English', 'friendship, redemption'),
	('9789602406187', 'Το χρονικό μιας προετοιμασίας', 279, 'Ένα μυθιστόρημα που αναφέρεται στον πόλεμο και τις επιπτώσεις του στους ανθρώπους.', 'Greek', 'πόλεμος, ανθρώπινες σχέσεις'),
	('9786185147194', 'Το κουρέλι του Θεού', 223, 'Ένα μυθιστόρημα για έναν άντρα που ξεκινά ένα ταξίδι στο παρελθόν του.', 'Greek', 'αναζήτηση ταυτότητας, μνήμη'),
	('9789601409767', 'Ο ξένος', 189, 'Ένα μυθιστόρημα για έναν άντρα που ξεκινά ένα ταξίδι στην Αλγερία.', 'Greek', 'εξωτερικότητα, ταυτότητα'),
	('9789600352103', 'Αγάπη στο χρόνο της χολέρας', 352, 'Ένα μυθιστόρημα για μια αγάπη που επιβίωσε μέσα από την επιδημία της χολέρας.', 'Greek', 'αγάπη, επιβίωση'),
	('9789603066033', 'Το πορτραίτο του Ντόριαν Γκρέι', 231, 'Ένα μυθιστόρημα για έναν άντρα που διατηρεί τη νεότητά του ενώ ένας πίνακας με το πορτραίτο του γερνάει.', 'Greek', 'αιώνια νεότητα, διαφθορά'),
	('9783426285321', 'Der Name der Rose', 592, 'Ein historischer Roman, der im 14. Jahrhundert spielt und in einem Kloster voller Geheimnisse und Intrigen verstrickt ist.', 'German', 'Mittelalter, Klosterleben, Kriminalfall'),
	('9783550206015', 'Die unendliche Geschichte', 448, 'Ein phantastischer Roman über ein Kind, das ein Buch liest und dadurch in eine magische Welt eintaucht.', 'German', 'Fantasy, Abenteuer, Kindheit'),
	('9783462043336', 'Das Parfum', 304, 'Ein Roman über einen Mann, der eine besondere Begabung für Düfte hat und dafür sogar Menschenleben riskiert.', 'German', 'Sinne, Mord, Obsession'),
	('9783446207795', 'Der kleine Prinz', 96, 'Ein philosophisches Märchen über einen kleinen Prinzen, der auf seiner Reise durch das Universum wichtige Erkenntnisse gewinnt.', 'German', 'Philosophie, Kinderbuch, Erkenntnis'),
	('9783596905756', 'Die Verwandlung', 96, 'Eine Erzählung über einen Mann, der sich plötzlich in ein Insekt verwandelt und mit der Ablehnung seiner Familie und seiner Arbeit konfrontiert wird.', 'German', 'Verwandlung, Isolation, Familienbeziehungen'),
	('9783423261404', 'Im Westen nichts Neues', 256, 'Ein Antikriegsroman, der den Ersten Weltkrieg aus der Perspektive eines jungen Soldaten schildert.', 'German', 'Krieg, Soldatenleben, Antikrieg'),
	('9783458328334', 'Der Steppenwolf', 320, 'Ein Roman über einen Mann, der sich zwischen seinem bürgerlichen Leben und seiner Sehnsucht nach Freiheit und Individualität zerrissen fühlt.', 'German', 'Existenzialismus, Individualität, Selbstfindung'),
	('9783423130595', 'Die Blechtrommel', 592, 'Ein grotesker Roman über einen Jungen, der beschließt, nicht weiter zu wachsen und seine Umwelt durch seine Trommel zum Wahnsinn treibt.', 'German', 'Groteske, Kindheit, Krieg'),
	('9783596906265', 'Siddhartha', 144, 'Ein spiritueller Roman über einen Mann, der auf der Suche nach Erleuchtung durch Indien reist und schließlich zu sich selbst findet.', 'German', 'Spiritualität, Selbstfindung, Indien'),
	('9783423126888', 'Narziß und Goldmund', 448, 'Ein Roman über zwei Freunde, die unterschiedlicher nicht sein könnten: Der eine ist ein asketischer Mönch, der andere ein lebenslustiger Künstler.', 'German', 'Freundschaft, Kunst, Spiritualität');


INSERT INTO publisher (publisher_name) VALUES
	('Penguin Random House'),
	('HarperCollins'),
	('Simon & Schuster'),
	('Hachette Livre'),
	('Macmillan Publishers');

INSERT INTO book_publisher (publisher_id, book_id) VALUES
(4,1),
(2,2),
(3,3),
(1,4),
(4,5),
(1,6),
(2,7),
(3,8),
(5,9),
(2,10),
(3,11),
(3,12),
(1,13),
(5,14),
(4,15),
(2,16),
(1,17),
(2,18),
(3,19),
(2,20),
(2,21),
(4,22),
(3,23),
(5,24),
(3,25),
(1,26),
(3,27),
(4,28),
(3,29),
(1,30),
(5,31),
(3,32),
(3,33),
(4,34),
(5,35),
(3,36),
(4,37),
(2,38),
(2,39),
(3,40),
(5,41),
(4,42),
(2,43),
(5,44),
(5,45),
(3,46),
(4,47),
(5,48),
(1,49),
(1,50);



INSERT INTO category (category_name) VALUES
    ('Fiction'),
    ('Non-fiction'),
    ('Mystery'),
    ('Romance'),
    ('Sci-Fi'),
    ('Fantasy'),
    ('Biography'),
    ('History'),
    ('Self-help'),
    ('Travel');

INSERT INTO book_category(category_id, book_id) VALUES
(4,1),
(7,2),
(8,3),
(6,4),
(8,4),
(4,5),
(6,6),
(7,7),
(3,8),
(10,9),
(2,10),
(3,11),
(8,12),
(1,13),
(10,14),
(4,15),
(7,16),
(1,17),
(7,18),
(3,19),
(7,20),
(2,21),
(9,22),
(8,23),
(10,24),
(1,24),
(7,24),
(3,25),
(1,26),
(3,27),
(7,27),
(4,28),
(8,29),
(6,30),
(10,31),
(3,32),
(3,33),
(9,34),
(10,35),
(6,35),
(8,36),
(4,37),
(7,38),
(2,39),
(3,40),
(6,40),
(10,41),
(4,42),
(2,43),
(10,44),
(5,45),
(8,46),
(9,47),
(5,48),
(6,49),
(1,50);

INSERT INTO author (author_first_name, author_last_name) VALUES
    ('J.K.', 'Rowling'),
    ('Stephen', 'King'),
    ('George R.R.', 'Martin'),
    ('John', 'Grisham'),
    ('Dan', 'Brown'),
    ('Haruki', 'Murakami'),
    ('Margaret', 'Atwood'),
    ('Agatha', 'Christie'),
    ('Toni', 'Morrison'),
    ('Jane', 'Austen'),
    ('Mark', 'Twain'),
    ('Ernest', 'Hemingway'),
    ('Gabriel', 'García Márquez'),
    ('Khaled', 'Hosseini'),
    ('Philip', 'Roth'),
    ('J.D.', 'Salinger'),
    ('Mary', 'Shelley'),
    ('Herman', 'Melville'),
    ('Leo', 'Tolstoy'),
    ('Fyodor', 'Dostoevsky');


INSERT INTO book_author(author_id, book_id) VALUES
(4,1),
(7,2),
(18,3),
(16,4),
(14,5),
(16,6),
(7,7),
(13,8),
(10,9),
(2,10),
(3,11),
(8,12),
(11,13),
(20,14),
(4,15),
(7,16),
(5,16),
(7,17),
(1,17),
(7,18),
(13,19),
(17,20),
(12,21),
(9,22),
(8,23),
(10,24),
(3,25),
(11,26),
(3,27),
(4,28),
(8,29),
(16,30),
(10,31),
(3,32),
(3,33),
(19,34),
(10,35),
(8,36),
(2,36),
(1,36),
(14,37),
(17,38),
(12,39),
(3,40),
(8,40),
(2,41),
(10,41),
(14,42),
(2,43),
(20,44),
(5,45),
(18,46),
(19,47),
(5,48),
(16,49),
(11,50);

INSERT INTO school_unit (school_id, name, city, address, phone_number, email, principal, lib_manager) VALUES
    (1, 'High School', 'New York', '123 Main St', '2101234567', 'highschool@school.edu', 'David Johnson', 'Dick Brown'),
    (2, 'Middle School', 'Los Angeles', '456 Oak St', '2102345678', 'middleschool@school.edu', 'Felicity Smith', 'Bruce Lee'),
	(3, 'Primary School', 'Philadelphia', '789 St Paddy\'s St', '2103456789', 'primaryschool@school.edu', 'Ronald McDonald', 'Charlie Kelly');


INSERT INTO lib_user (username, password, school_id, first_name, last_name, birth_date, user_role, active, pending)
VALUES
('user01', 'p@ssword1', 1, 'John', 'Doe', '1990-01-01', 's', TRUE, FALSE),
('user02', 'p@ssword2', 2, 'Jane', 'Doe', '1995-05-05', 's', TRUE, FALSE),
('user03', 'p@ssword3', 1, 'Bob', 'Smith', '1985-12-25', 'l', TRUE, FALSE),
('user04', 'p@ssword4', 2, 'Sarah', 'Johnson', '1980-10-10', 'l', TRUE, FALSE),
('user05', 'p@ssword5', 3, 'Michael', 'Brown', '1999-02-28', 's', TRUE, FALSE),
('user06', 'p@ssword6', 1, 'Emily', 'Davis', '2000-11-11', 't', TRUE, FALSE),
('user07', 'p@ssword7', 3, 'William', 'Wilson', '1975-07-15', 'l', TRUE, FALSE),
('user08', 'p@ssword8', 2, 'Sophie', 'Green', '2002-04-20', 't', TRUE, FALSE),
('user09', 'p@ssword9', 1, 'Oliver', 'Taylor', '1988-08-08', 's', TRUE, FALSE),
('user10', 'p@ssword10', 3, 'Isabella', 'Anderson', '2005-09-16', 't', TRUE, FALSE),
('user11', 'p@ssword11', 2, 'Alex', 'Davis', '1993-03-01', 's', TRUE, FALSE),
('user12', 'p@ssword12', 3, 'Mia', 'Robinson', '2001-06-12', 's', TRUE, FALSE),
('user13', 'p@ssword13', 1, 'Daniel', 'Clark', '1997-08-27', 't', TRUE, FALSE),
('user14', 'p@ssword14', 2, 'Natalie', 'Walker', '1987-04-23', 's', TRUE, FALSE),
('user15', 'p@ssword15', 3, 'Andrew', 'Hall', '1982-11-30', 's', TRUE, FALSE),
('user16', 'p@ssword16', 1, 'Grace', 'Lewis', '2003-03-20', 's', TRUE, FALSE),
('user17', 'p@ssword17', 2, 'Ethan', 'Young', '2004-09-11', 's', TRUE, FALSE),
('user18', 'p@ssword18', 3, 'Avery', 'King', '1990-02-18', 't', TRUE, FALSE),
('user19', 'p@ssword19', 1, 'Evelyn', 'Wright', '1980-07-22', 's', TRUE, FALSE),
('user20', 'p@ssword20', 2, 'Lucas', 'Turner', '1991-12-15', 's', TRUE, FALSE),
('user21', 'p@ssword21', 1, 'Liam', 'Scott', '2002-01-05', 's', TRUE, FALSE),
('user22', 'p@ssword22', 3, 'Audrey', 'Baker', '1995-06-27', 's', TRUE, FALSE),
('user23', 'p@ssword23', 2, 'Emma', 'Adams', '1989-08-08', 't', TRUE, FALSE),
('user24', 'p@ssword24', 3, 'Mason', 'Carter', '1994-04-12', 't', TRUE, FALSE),
('user25', 'p@ssword25', 1, 'Noah', 'Mitchell', '1998-05-23', 't', TRUE, FALSE),
('user26', 'p@ssword26', 2, 'Ava', 'Parker', '1986-03-18', 's', TRUE, FALSE),
('user27', 'p@ssword27', 3, 'Caleb', 'Turner', '2003-09-28', 's', TRUE, FALSE),
('user28', 'p@ssword28', 1, 'Sophia', 'Morris', '2001-02-14', 's', TRUE, FALSE),
('user29', 'p@ssword29', 3, 'Jayden', 'Gray', '1996-11-05', 't', TRUE, FALSE),
('user30', 'p@ssword30', 2, 'Chloe', 'Brooks', '2004-07-20', 's', TRUE, FALSE),
('user31', 'p@ssword31', 1, 'David', 'Bailey', '1978-12-31', 's', TRUE, FALSE),
('user32', 'p@ssword32', 3, 'Bella', 'Rogers', '2000-08-10', 's', TRUE, FALSE),
('user33', 'p@ssword33', 2, 'Jackson', 'James', '1984-05-16', 's', TRUE, FALSE),
('user34', 'p@ssword34', 1, 'Madison', 'Foster', '1999-04-01', 't', TRUE, FALSE),
('user35', 'p@ssword35', 3, 'Lucy', 'Harris', '1992-01-22', 't', TRUE, FALSE),
('user36', 'p@ssword36', 2, 'Ethan', 'Flores', '1993-06-08', 's', TRUE, FALSE),
('user37', 'p@ssword37', 1, 'Addison', 'Peterson', '1997-09-18', 's', TRUE, FALSE),
('user38', 'p@ssword38', 3, 'William', 'Cox', '2002-08-28', 's', TRUE, FALSE),
('user39', 'p@ssword39', 2, 'Grace', 'Ramirez', '1990-12-01', 's', TRUE, FALSE),
('user40', 'p@ssword40', 1, 'Daniel', 'Reed', '2002-04-29', 's', TRUE, FALSE),
('user41', 'p@ssword41', 3, 'Avery', 'Ward', '1995-08-03', 's', TRUE, FALSE),
('user42', 'p@ssword42', 2, 'Evelyn', 'Henry', '1989-02-10', 't', TRUE, FALSE),
('user43', 'p@ssword43', 3, 'Isabella', 'Barnes', '1994-06-15', 't', TRUE, FALSE),
('user44', 'p@ssword44', 1, 'Oliver', 'Gonzalez', '1998-01-19', 't', TRUE, FALSE),
('user45', 'p@ssword45', 2, 'Harper', 'Coleman', '2003-11-30', 's', TRUE, FALSE),
('user46', 'p@ssword46', 3, 'Ethan', 'West', '1996-10-12', 's', FALSE, TRUE),
('user47', 'p@ssword47', 1, 'Aria', 'Fisher', '2001-05-05', 's', TRUE, FALSE),
('user48', 'p@ssword48', 3, 'Mia', 'Chapman', '1993-09-27', 's', TRUE, FALSE),
('user49', 'p@ssword49', 2, 'Alexander', 'Perez', '1985-07-22', 's', TRUE, FALSE),
('user50', 'p@ssword50', 1, 'Sofia', 'Hernandez', '1999-02-16', 't', FALSE, TRUE),
('user51', 'p@ssword51', 3, 'Camila', 'Diaz', '1992-03-28', 't', TRUE, FALSE),
('user52', 'p@ssword52', 2, 'Aiden', 'Young', '1997-12-06', 't', TRUE, FALSE),
('user53', 'p@ssword53', 1, 'Aubrey', 'Wright', '2000-06-18', 's', TRUE, FALSE),
('user54', 'p@ssword54', 3, 'Logan', 'Nelson', '1991-04-14', 's', TRUE, FALSE),
('user55', 'p@ssword55', 2, 'Luna', 'Lee', '2004-09-02', 's', FALSE, TRUE);


INSERT INTO review (user_id, book_id, review_text, rating, pending)
VALUES (1, 2, 'This book was a page-turner', 4, FALSE),
       (2, 5, 'One of the best books I\'ve ever read', 5, FALSE),
       (3, 8, 'Didn\'t live up to the hype', 2, FALSE),
       (4, 12, 'A good book, but not my favorite', 3, FALSE),
       (5, 20, 'I couldn\'t put this book down', 5, FALSE),
       (6, 25, 'The ending left me wanting more', 4, FALSE),
       (7, 30, 'The writing was beautiful, but the plot was slow', 3, FALSE),
       (8, 35, 'This book made me cry', 5, FALSE),
       (9, 40, 'I found this book to be very thought-provoking', 4, FALSE),
       (10, 45, 'The characters were well-developed', 4, FALSE),
       (11, 50, 'This book was a bit predictable', 3, FALSE),
       (12, 15, 'A great coming-of-age story', 4, FALSE),
       (13, 18, 'The twists and turns kept me on the edge of my seat', 5, FALSE),
       (14, 23, 'I wasn\'t a fan of the writing style', 2, FALSE),
       (15, 27, 'This book was an emotional rollercoaster', 5, FALSE),
       (16, 33, 'I would recommend this book to anyone', 5, FALSE),
       (17, 39, 'The world-building was fantastic', 4, FALSE),
       (18, 42, 'This book fell short of my expectations', 3, FALSE),
       (19, 46, 'I couldn\'t connect with the main character', 2, FALSE),
       (20, 49, 'This book was a bit slow-paced', 3, FALSE);


INSERT INTO availability(school_id, book_id, copies) VALUES
    (1,1,134),
    (1,3,28),
    (1,5,144),
    (1,6,86),
    (1,9,100),
    (1,10,122),
    (1,18,127),
    (1,19,23),
    (1,20,137),
    (1,21,12),
    (1,22,69),
    (1,23,118),
    (1,24,130),
    (1,25,33),
    (1,26,81),
    (1,27,63),
    (1,28,74),
    (1,29,68),
    (1,30,86),
    (1,31,30),
    (1,32,103),
    (1,33,73),
    (1,34,109),
    (1,35,120),
    (1,36,118),
    (1,37,44),
    (1,38,107),
    (1,39,62),
    (1,40,143),
    (1,41,130),
    (1,42,124),
    (1,43,22),
    (1,44,120),
    (1,50,121),
    (2,1,114),
    (2,2,77),
    (2,3,92),
    (2,4,81),
    (2,5,57),
    (2,6,124),
    (2,7,63),
    (2,9,47),
    (2,10,32),
    (2,11,106),
    (2,12,76),
    (2,13,135),
    (2,14,28),
    (2,21,25),
    (2,22,46),
    (2,23,133),
    (2,24,46),
    (2,25,15),
    (2,26,118),
    (2,27,135),
    (2,28,15),
    (2,29,94),
    (2,30,51),
    (2,31,38),
    (2,32,109),
    (2,33,127),
    (2,34,129),
    (2,35,39),
    (2,36,85),
    (2,37,4),
    (2,38,102),
    (2,39,105),
    (2,40,50),
    (2,41,133),
    (2,42,61),
    (2,43,27),
    (2,44,19),
    (2,45,140),
    (2,46,113),
    (2,47,77),
    (2,48,37),
    (2,49,145),
    (2,50,90),
    (3,8,3),
    (3,9,118),
    (3,10,43),
    (3,11,53),
    (3,12,57),
    (3,13,2),
    (3,18,90),
    (3,19,95),
    (3,20,120),
    (3,21,41),
    (3,22,130),
    (3,23,82),
    (3,24,68),
    (3,25,148),
    (3,26,72),
    (3,27,82),
    (3,28,126),
    (3,29,10),
    (3,30,128),
    (3,37,107),
    (3,38,84),
    (3,39,120),
    (3,40,75),
    (3,41,29),
    (3,42,22),
    (3,43,33),
    (3,44,30),
    (3,45,4),
    (3,46,120),
    (3,47,121),
    (3,48,19),
    (3,49,59),
    (3,50,66);

INSERT INTO service (user_id, book_id, service_type, service_date) VALUES
	(2, 45, 'b', '2023-04-20'),
    (10, 3, 'b', '2023-04-10'),
    (25, 18, 'b', '2023-04-18'),
    (36, 34, 'b', '2023-04-21'),
    (47, 9, 'r', '2023-04-14'),
    (20, 39, 'r', '2023-04-01'),
    (50, 49, 'b', '2023-04-12');
    
INSERT INTO borrow_log (user_id, book_id, borrow_date) VALUES
	(2, 45, '2022-04-20'),
    (10, 3, '2021-03-10'),
    (25, 18, '2020-09-18'),
    (36, 34, '2021-05-21'),
    (47, 9, '2019-12-14'),
    (20, 39, '2018-02-01'),
    (50, 49, '2016-01-12');


    
